residue,Group_0,Group_1,Group_2,Group_3,Group_4,Group_5,Group_6,Group_7
A,290.40674995759514,71.8507870606914,6.250298792268855,44.651409780697406,-107.7920416044869,15.335989745707192,56.16028011908151,92.92528903822847
R,172.57737509892735,-6.96389024096479,84.09165342062033,200.15221752468574,51.15714055342606,172.36012030240067,1.4481051575393458,-37.39311024492833
N,-38.37738534834971,-90.14547523510332,-21.73137419236486,-191.18053091576542,73.9405807734814,-259.1357372167305,-54.690430493910405,-77.74656528467666
D,159.436015439078,-56.585498512850926,-28.963699350663482,-232.26146456038043,55.36973610550708,-216.01206723894293,-29.38313238608055,-7.421268864896553
C,-4.241924630127764,15.678515975299398,-34.886819212623166,-156.21259952095613,-54.19282261435265,-242.0002085972385,10.074812632277883,40.04139350373333
Q,-268.55672813179865,-32.60652583930903,38.465364064088725,179.8879236233047,31.4458062118533,145.73352817658227,-15.436918796606761,-45.528380429731754
E,-0.02848348408832828,21.03730401183825,-21.483751407883755,-170.44882779968842,-49.974255447716715,8.114456907926215,20.20423087746671,50.74713366953745
G,-104.49522183232345,-62.3393848944025,53.16890395301805,250.66524330747114,92.25334974821065,256.52442830913037,-39.89091533293191,-95.41635534824127
H,-159.8778806056845,31.27339716629341,-69.67898864164049,194.4742410288251,-39.54825231125601,455.6135011073098,34.12508437857036,43.373612941438616
I,-34.080827713854696,164.64966019697073,-54.85928198018395,-88.56737860338085,-48.443637892014,-274.76433133754415,25.051154021671362,52.406359346186505
L,-91.11725165277262,-16.38464782225038,-64.98766876501475,-201.08693438515814,7.566054448632901,-257.27057693399126,-10.209362717498102,4.273941832415497
K,195.59964562777213,54.458348655592175,-52.924000173157516,-118.84326371225076,-109.99218266277053,-136.2848941686902,55.31647180124463,85.66946389410685
M,21.944600855658873,-18.774970918668302,-26.70263052670446,-227.6141961746114,-7.390824004605144,-139.71223796564462,-19.459035277537026,16.043669311761697
F,88.02940537046454,21.619734358219716,-21.46893542689929,-78.96179924005159,-56.979241743475505,80.68002466449373,30.31522476304769,46.428269178184564
P,317.10242434666355,115.37211228775854,-22.236101565383645,-44.8049658489417,-157.63670157757045,-126.45812807471154,95.69768154347594,136.09406113095324
S,-314.20173927472393,-106.561017354103,61.313975768319764,221.12200479583367,174.08320869111364,248.05176933364353,-85.5788186976404,-122.66882203807093
T,-252.509397323655,-23.990964255171477,13.716469843057341,-3.304801893006138,17.509770981401584,-153.13806404991968,-25.562414377834525,-31.464304005740708
W,-118.15459861503138,-76.0254004718944,88.28286815164473,34.80050540567216,105.47391611066378,19.245433966883002,-59.91839631402076,-124.49665747421435
Y,-10.207710414823858,-15.491147962417193,40.85459487902523,203.07330131156752,36.60804666648865,171.6111119564754,-4.256192087156813,-33.07997403211412
V,150.75293233107394,9.929063794470842,33.779122370476564,184.45991587613372,-13.457650432531098,231.50588111286126,15.9925711868418,7.212243876068308